{
  "name": "idea-to-launch-kit-module1",
  "version": "1.0.0",
  "description": "THE IDEA-TO-LAUNCH KIT™ Module 1 Components and Dependencies",
  "dependencies": {
    "@hookform/resolvers": "^3.3.0",
    "@radix-ui/react-accordion": "^1.1.0",
    "@radix-ui/react-alert-dialog": "^1.0.0",
    "@radix-ui/react-avatar": "^1.0.0",
    "@radix-ui/react-checkbox": "^1.0.0",
    "@radix-ui/react-dialog": "^1.0.0",
    "@radix-ui/react-dropdown-menu": "^2.0.0",
    "@radix-ui/react-label": "^2.0.0",
    "@radix-ui/react-popover": "^1.0.0",
    "@radix-ui/react-progress": "^1.0.0",
    "@radix-ui/react-radio-group": "^1.1.0",
    "@radix-ui/react-select": "^2.0.0",
    "@radix-ui/react-separator": "^1.0.0",
    "@radix-ui/react-slider": "^1.1.0",
    "@radix-ui/react-slot": "^1.0.0",
    "@radix-ui/react-switch": "^1.0.0",
    "@radix-ui/react-tabs": "^1.0.0",
    "@radix-ui/react-textarea": "^1.0.0",
    "@radix-ui/react-toast": "^1.1.0",
    "@radix-ui/react-tooltip": "^1.0.0",
    "@tanstack/react-query": "^5.17.0",
    "class-variance-authority": "^0.7.0",
    "clsx": "^2.1.0",
    "date-fns": "^3.2.0",
    "drizzle-orm": "^0.30.0",
    "drizzle-zod": "^0.5.0",
    "lucide-react": "^0.344.0",
    "openai": "^4.28.0",
    "react": "^18.2.0",
    "react-dom": "^18.2.0",
    "react-hook-form": "^7.49.0",
    "tailwind-merge": "^2.2.0",
    "tailwindcss": "^3.4.0",
    "tailwindcss-animate": "^1.0.7",
    "wouter": "^3.0.0",
    "zod": "^3.22.0"
  },
  "devDependencies": {
    "@types/react": "^18.2.0",
    "@types/react-dom": "^18.2.0",
    "typescript": "^5.3.0"
  },
  "peerDependencies": {
    "react": ">=18.0.0",
    "react-dom": ">=18.0.0"
  }
}