{
  "businessModels": {
    "1": {
      "userId": "user-123",
      "label": "Test Business Model",
      "status": "Complete",
      "model": "This is a test business model to verify storage works properly.",
      "warnings": "Test warning message",
      "suggestions": "Test suggestion message",
      "confidence": 8,
      "id": 1,
      "createdAt": "2025-06-20T09:40:10.588Z"
    },
    "2": {
      "userId": "user-123",
      "label": "Smart Business Builder™ – v1",
      "status": "Complete",
      "model": "**Architect Business Model for Digital marketing consultancy for small businesses**\n\nTARGET CUSTOMER & PROBLEM:\nYour target customers are small to medium business owners, entrepreneurs, and startups looking to grow their online presence who face the challenge of small businesses struggling with ineffective online marketing and low digital presence. This represents a significant market opportunity in today's business landscape.\n\nSOLUTION & UNIQUE VALUE:\nYour solution involves comprehensive digital marketing audits, strategy development, and implementation support, delivered with a systematic and data-driven approach that sets you apart from competitors. This positions you as a specialized expert in your field.\n\nREVENUE STREAMS & PRICING:\nBased on your revenue model of monthly retainer model with performance-based bonuses for achieving specific kpis, you have a clear path to monetization with scalable income potential.\n\nKEY ACTIVITIES & RESOURCES:\n- Client acquisition and relationship management\n- Service delivery and quality assurance\n- Continuous improvement and skill development\n- Market research and competitive analysis\n\nDISTRIBUTION CHANNELS:\n- Direct sales and referral networks\n- Digital marketing and content creation\n- Strategic partnerships and collaborations\n- Professional networking and industry events\n\nCOST STRUCTURE:\nYour main costs will include time investment, tools and technology, marketing expenses, and potential team expansion as you scale.\n\nCOMPETITIVE ADVANTAGE:\nYour architect approach combined with specialized expertise creates a defensible market position that's difficult for competitors to replicate.",
      "warnings": "**Key Areas for Attention:**\n\n1. **Market Validation**: Ensure strong demand exists before significant investment\n2. **Pricing Strategy**: Test different price points to optimize revenue\n3. **Scalability**: Plan for growth without proportional cost increases\n4. **Competition**: Monitor market changes and adapt accordingly\n5. **Customer Retention**: Focus on delivering exceptional value to maintain recurring revenue",
      "suggestions": "**Next Steps for Launch:**\n\n1. **Customer Discovery**: Conduct 10-15 interviews with potential customers to validate assumptions\n2. **MVP Development**: Create a minimum viable version of your service offering\n3. **Pilot Program**: Launch with 2-3 beta customers to refine your approach\n4. **Marketing Foundation**: Develop website, social media presence, and lead generation system\n5. **Financial Planning**: Set up accounting systems and track key metrics from day one",
      "confidence": 8,
      "id": 2,
      "createdAt": "2025-06-20T13:19:08.924Z"
    },
    "3": {
      "userId": "user-123",
      "label": "Smart Business Builder™ – v1",
      "status": "Complete",
      "model": "**Architect Business Model for Digital marketing consultancy for small businesses**\n\nTARGET CUSTOMER & PROBLEM:\nYour target customers are small to medium business owners, entrepreneurs, and startups looking to grow their online presence who face the challenge of small businesses struggling with ineffective online marketing and low digital presence. This represents a significant market opportunity in today's business landscape.\n\nSOLUTION & UNIQUE VALUE:\nYour solution involves comprehensive digital marketing audits, strategy development, and implementation support, delivered with a systematic and data-driven approach that sets you apart from competitors. This positions you as a specialized expert in your field.\n\nREVENUE STREAMS & PRICING:\nBased on your revenue model of monthly retainer model with performance-based bonuses for achieving specific kpis, you have a clear path to monetization with scalable income potential.\n\nKEY ACTIVITIES & RESOURCES:\n- Client acquisition and relationship management\n- Service delivery and quality assurance\n- Continuous improvement and skill development\n- Market research and competitive analysis\n\nDISTRIBUTION CHANNELS:\n- Direct sales and referral networks\n- Digital marketing and content creation\n- Strategic partnerships and collaborations\n- Professional networking and industry events\n\nCOST STRUCTURE:\nYour main costs will include time investment, tools and technology, marketing expenses, and potential team expansion as you scale.\n\nCOMPETITIVE ADVANTAGE:\nYour architect approach combined with specialized expertise creates a defensible market position that's difficult for competitors to replicate.",
      "warnings": "**Key Areas for Attention:**\n\n1. **Market Validation**: Ensure strong demand exists before significant investment\n2. **Pricing Strategy**: Test different price points to optimize revenue\n3. **Scalability**: Plan for growth without proportional cost increases\n4. **Competition**: Monitor market changes and adapt accordingly\n5. **Customer Retention**: Focus on delivering exceptional value to maintain recurring revenue",
      "suggestions": "**Next Steps for Launch:**\n\n1. **Customer Discovery**: Conduct 10-15 interviews with potential customers to validate assumptions\n2. **MVP Development**: Create a minimum viable version of your service offering\n3. **Pilot Program**: Launch with 2-3 beta customers to refine your approach\n4. **Marketing Foundation**: Develop website, social media presence, and lead generation system\n5. **Financial Planning**: Set up accounting systems and track key metrics from day one",
      "confidence": 8,
      "id": 3,
      "createdAt": "2025-06-20T13:59:22.007Z"
    }
  },
  "businessClarities": {
    "1": {
      "userId": 1,
      "businessVision": "rrr",
      "dnaType": "Architect",
      "id": 1,
      "createdAt": "2025-06-20T13:58:12.109Z"
    },
    "2": {
      "userId": 1,
      "businessVision": "gg",
      "dnaType": "Architect",
      "id": 2,
      "createdAt": "2025-07-03T15:09:15.572Z"
    }
  }
}